question_id,question,answer
1,What is the primary goal of information retrieval?,To retrieve relevant information from a large collection of data.
2,What is the significance of relevance in information retrieval?,Relevance indicates the degree to which retrieved documents satisfy the information needs of users.
3,What are the two main types of information retrieval systems?,Boolean retrieval and vector space retrieval.
4,What does the term 'inverted index' refer to in information retrieval?,"An inverted index is a data structure that maps terms to the documents in which they occur, facilitating efficient document retrieval."
5,What is the purpose of stemming in text processing for information retrieval?,Stemming reduces words to their base or root form to improve search recall.
6,What is meant by term frequency-inverse document frequency (TF-IDF) in information retrieval?,"TF-IDF is a numerical statistic that reflects the importance of a term in a document relative to a collection, considering both the term frequency and inverse document frequency."
7,What is the cosine similarity measure used for in information retrieval?,"Cosine similarity measures the cosine of the angle between two vectors representing document and query, indicating their similarity."
8,What is the purpose of query expansion in information retrieval?,Query expansion aims to improve retrieval effectiveness by adding synonyms or related terms to the original query.
9,What is the significance of precision and recall in information retrieval evaluation?,"Precision measures the proportion of relevant documents among the retrieved ones,  while recall measures the proportion of relevant documents retrieved among all relevant documents."
10,What are the common evaluation metrics used in information retrieval?,"Precision, recall, F1-score, mean average precision (MAP) and normalized discounted cumulative gain (NDCG) are common evaluation metrics."
11,What is the purpose of document indexing in information retrieval?,Document indexing organizes documents into a structure that facilitates efficient retrieval based on queries.
12,What role does machine learning play in information retrieval?,"Machine learning techniques can be used to improve relevance ranking, query understanding and other aspects of information retrieval systems."
13,What is the main disadvantage of using the Boolean model in information retrieval?,The Boolean model often retrieves too few or too many documents due to its strict matching criteria.
14,How does the vector space model represent documents and queries in information retrieval?,"The vector space model represents documents and queries as vectors in a high-dimensional space, with terms as dimensions."
15,What is the purpose of relevance feedback in information retrieval?,"Relevance feedback allows users to provide feedback on retrieved results, which is used to refine subsequent retrieval."
16,What challenges are associated with information retrieval in web search engines?,"Web search engines face challenges such as handling large-scale indexing, addressing spam and manipulation and providing real-time results."
17,What are some techniques used for query expansion in information retrieval?,"Thesaurus-based expansion, feedback-based expansion and statistical methods are common techniques for query expansion."
18,What is the role of natural language processing (NLP) in information retrieval?,"NLP techniques are used for tasks such as query understanding, document summarization and entity recognition in information retrieval."
19,How does term weighting contribute to relevance ranking in information retrieval?,"Term weighting assigns weights to terms based on their importance in the document or query, which helps prioritize relevant documents."
20,What are the limitations of the probabilistic model in information retrieval?,The probabilistic model assumes independence between terms and may not handle certain types of queries effectively.
21,What are some challenges in designing user interfaces for information retrieval systems?,"Challenges include presenting search results effectively, supporting various query types and accommodating user preferences."
22,How does semantic search differ from traditional keyword-based search in information retrieval?,"Semantic search aims to understand the intent and meaning behind queries, whereas traditional keyword-based search relies on exact matches."
23,What is the role of domain-specific knowledge in information retrieval?,Domain-specific knowledge helps improve retrieval accuracy by incorporating specialized vocabulary and context.
24,"What are some ethical considerations in information retrieval, particularly in web search?","Ethical considerations include privacy protection, fairness in ranking algorithms, and transparency in search results."
25,How does information retrieval differ from data retrieval?,"Information retrieval focuses on retrieving relevant information from unstructured or semi-structured data, while data retrieval typically involves structured data."
26,What is the role of context in information retrieval?,"Context helps determine the relevance of retrieved information by considering factors such as user preferences, location, and temporal relevance."
27,What are some techniques used for personalized search in information retrieval?,"Personalized search techniques include user profiling, collaborative filtering, and context-aware retrieval."
28,How does information retrieval support multi-modal search?,"Multi-modal search systems retrieve information from various modalities such as text, images, audio, video and integrate the results."
29,What is the role of user feedback in improving information retrieval systems?,"User feedback helps refine ranking algorithms, query understanding and relevance ranking in information retrieval systems."
30,What is the impact of query formulation on retrieval performance in information retrieval?,Well-formulated queries improve retrieval accuracy and efficiency by precisely expressing user information needs.
31,How does distributed information retrieval differ from centralized retrieval?,"Distributed information retrieval distributes indexing and retrieval tasks across multiple nodes or servers, offering scalability and fault tolerance."
32,What is the role of document summarization in information retrieval?,Document summarization techniques generate concise summaries of documents to help users quickly understand their content.
33,How does cross-lingual information retrieval address language barriers?,"Cross-lingual information retrieval enables users to retrieve documents in languages different from their query language, overcoming language barriers."
34,What are some challenges in evaluating information retrieval systems?,"Challenges include selecting appropriate test collections, designing realistic queries and defining relevant evaluation metrics."
35,What role do user interfaces play in information retrieval?,"User interfaces provide a means for users to interact with retrieval systems, presenting search results and facilitating query formulation."
36,How does the quality of document preprocessing affect retrieval performance?,"Effective document preprocessing, including tokenization and stemming, improves retrieval accuracy by enhancing index quality."
37,What are some techniques used for document clustering in information retrieval?,"Techniques include hierarchical clustering k-means clustering and agglomerative clustering, which group similar documents together."
38,How does information retrieval support real-time search?,Real-time search systems retrieve and rank documents in near real-time providing up-to-date information to users.
39,What role does semantic web technology play in information retrieval?,Semantic web technologies enable the representation and linking of data across different sources enhancing the relevance and richness of retrieved information.
40,What is the role of deep learning in information retrieval?,"Deep learning techniques, such as neural networks, can be used for tasks such as query understanding relevance ranking and document classification in information retrieval."
41,What is the purpose of click-through data in information retrieval?,"Click-through data provides implicit feedback on search results, which can be used to improve relevance ranking and user satisfaction."
42,How does information retrieval support federated search?,"Federated search systems retrieve information from multiple, heterogeneous sources and present integrated results to users."
43,What is the significance of term proximity in information retrieval?,"Term proximity measures the closeness of terms within a document or query, which can help determine relevance."
44,How does query expansion affect retrieval performance in information retrieval?,Query expansion improves retrieval effectiveness by incorporating additional terms or synonyms related to the original query.
45,What is the role of latent semantic indexing (LSI) in information retrieval?,LSI analyzes the relationships between terms and documents to capture latent semantic structure improving retrieval accuracy.
46,What are the challenges in handling unstructured data in information retrieval?,Challenges include extracting relevant information from unstructured text handling variability in data formats and managing data quality.
47,How does distributed representation learning improve retrieval performance?,"Distributed representation learning techniques, such as word embeddings capture semantic relationships between terms enhancing retrieval accuracy."
48,What role do user preferences play in personalized information retrieval?,"User preferences help tailor search results to individual interests and preferences, improving user satisfaction."
49,What is the impact of query expansion on precision and recall in information retrieval?,Query expansion may improve recall by retrieving more relevant documents but may reduce precision by retrieving more non-relevant documents.
50,How does information retrieval support temporal search?,"Temporal search systems retrieve and rank documents based on their temporal relevance, considering factors such as publication date and recency."
51,What are the limitations of bag-of-words representation in information retrieval?,"Bag-of-words representation disregards word order and context, which may lead to loss of semantic meaning and retrieval accuracy."
52,What is the role of named entity recognition (NER) in information retrieval?,"NER identifies and categorizes named entities such as people, organizations and locations in text which can enhance retrieval effectiveness."
53,How does information retrieval support federated learning?,Federated learning enables model training across distributed data sources while preserving data privacy and security.
54,What role does feature selection play in information retrieval?,"Feature selection techniques identify and prioritize relevant features or attributes for retrieval tasks, improving efficiency and effectiveness."
55,What is the impact of document length normalization on retrieval performance?,"Document length normalization helps mitigate the bias towards longer documents in retrieval, improving fairness and relevance."
56,How does information retrieval support federated knowledge graphs?,"Federated knowledge graphs integrate and query knowledge graphs distributed across multiple sources, enriching retrieval results with structured information."
57,What is the role of explainable AI in information retrieval?,"Explainable AI techniques provide insights into how retrieval systems make decisions, enhancing transparency and trustworthiness."
58,How does information retrieval support cross-modal search?,"Cross-modal search systems retrieve information across different modalities such as text, images and video, providing multimodal results."
59,What are the challenges in handling multimedia data in information retrieval?,"Challenges include feature extraction from multimedia content, modeling multimodal relationships and supporting efficient retrieval."
60,How does relevance feedback differ from relevance judgment in information retrieval?,Relevance feedback involves users providing feedback on retrieved results while relevance judgment is the process of annotating documents as relevant or non-relevant for evaluation.
61,What is the role of probabilistic relevance models in information retrieval?,"Probabilistic relevance models estimate the probability of relevance for documents given queries, guiding retrieval and ranking."
62,How does information retrieval support federated search over structured and unstructured data?,"Federated search systems integrate results from structured and unstructured data sources, providing comprehensive and diverse retrieval results."
63,What are some challenges in handling noisy data in information retrieval?,"Challenges include distinguishing relevant information from noise, handling incomplete or erroneous data and ensuring data quality."
64,How does information retrieval support semantic search over structured data?,Semantic search systems understand the meaning and relationships between entities in structured data enabling precise and context-aware retrieval.
65,What role does query understanding play in information retrieval?,"Query understanding techniques analyze and interpret user queries to extract their intent and context, improving retrieval accuracy."
66,What are the challenges in handling ambiguous queries in information retrieval?,"Challenges include disambiguating query terms, resolving polysemy and synonymy and understanding user intent accurately."
67,How does information retrieval support federated search over heterogeneous data sources?,"Federated search systems integrate results from diverse data sources such as databases, websites and knowledge bases, offering unified retrieval experiences."
68,What is the impact of query understanding on retrieval performance in information retrieval?,Accurate query understanding improves retrieval precision by aligning retrieved documents with user information needs.
69,How does information retrieval support federated learning over decentralized data sources?,"Federated learning enables model training across decentralized data sources while preserving data privacy and security, improving model generalization."
70,What are some techniques used for query expansion in information retrieval?,"Techniques include pseudo-relevance feedback, automatic query expansion using external resources and relevance modeling."
71,What is the role of term weighting in information retrieval?,"Term weighting assigns weights to terms based on their importance in the document or query, helping prioritize relevant documents."
72,How does information retrieval support federated learning over edge devices?,"Federated learning enables model training on edge devices such as smartphones and IoT devices, leveraging local data while preserving privacy."
73,What are some techniques used for query reformulation in information retrieval?,"Techniques include query expansion, query relaxation and query suggestion based on user feedback and context."
74,What is the role of query log analysis in information retrieval?,"Query log analysis provides insights into user search behavior, which can be used to improve retrieval systems and personalize search experiences."
75,How does information retrieval support federated search over decentralized networks?,"Federated search systems retrieve and aggregate results from decentralized networks such as peer-to-peer networks and distributed databases, offering scalable and fault-tolerant retrieval."
76,What is the impact of relevance feedback on retrieval performance in information retrieval?,Relevance feedback can improve retrieval precision and recall by incorporating user feedback to refine retrieval results.
77,How does information retrieval support federated learning over privacy-sensitive data?,"Federated learning enables model training over privacy-sensitive data distributed across multiple parties without sharing raw data, preserving data privacy."
78,What are some techniques used for result diversification in information retrieval?,"Techniques include clustering similar results, re-ranking based on diversity measures and incorporating user preferences and intent."
79,What is the role of domain-specific knowledge graphs in information retrieval?,"Domain-specific knowledge graphs organize and link entities and concepts within a specific domain, enriching retrieval results with structured information."
80,How does information retrieval support federated learning over heterogeneous data sources?,"Federated learning enables collaborative model training over diverse data sources while preserving data privacy and security, improving model generalization and robustness."
81,What are some challenges in handling multimodal queries in information retrieval?,"Challenges include integrating information from different modalities, understanding user intent across modalities and presenting coherent retrieval results."
82,What is the impact of query expansion on retrieval diversity in information retrieval?,Query expansion may increase retrieval diversity by retrieving a wider range of relevant documents but may also introduce redundancy or noise.
83,How does information retrieval support federated search over heterogeneous networks?,"Federated search systems retrieve and merge results from diverse networks such as the internet, intranets and social networks, offering comprehensive retrieval experiences."
84,What role do trust signals play in information retrieval?,"Trust signals such as domain authority, user ratings and expert endorsements help users evaluate the credibility and relevance of retrieved information."
85,How does information retrieval support federated learning over edge devices with resource constraints?,"Federated learning techniques such as model compression and edge intelligence enable efficient model training on resource-constrained edge devices, minimizing communication and computation overhead."
86,What are some techniques used for query understanding in information retrieval?,"Techniques include natural language processing, semantic analysis and intent recognition, which help interpret user queries and extract their meaning."
87,What is the role of session-based search in information retrieval?,Session-based search considers the context and history of user interactions to personalize search results and improve relevance.
88,How does information retrieval support federated learning over dynamic data sources?,"Federated learning adapts to changes in dynamic data sources by continuously updating and refining models based on incoming data, improving adaptability and responsiveness."
89,What are some challenges in handling structured queries in information retrieval?,"Challenges include mapping structured queries to unstructured data, handling complex query structures and preserving query semantics during retrieval."
90,What is the impact of result presentation on user satisfaction in information retrieval?,"Effective result presentation, including snippet previews, rich media and interactive features, enhances user satisfaction and engagement with retrieval systems."
91,How does information retrieval support federated learning over adversarial environments?,"Federated learning techniques such as secure aggregation and differential privacy protect models and data from adversarial attacks, ensuring privacy and security."
92,What are some techniques used for result ranking in information retrieval?,"Techniques include relevance scoring, machine learning models and user feedback, which prioritize and rank retrieved documents based on relevance and quality."
93,What is the role of data fusion in federated search?,"Data fusion techniques integrate and reconcile results from multiple sources or modalities to provide a unified view of information, improving retrieval completeness and accuracy."
94,How does information retrieval support federated learning over distributed databases?,Federated learning techniques such as model aggregation and collaborative training enable efficient model training over distributed databases while preserving data privacy and security.
95,What are some challenges in handling privacy-sensitive queries in information retrieval?,"Challenges include protecting user privacy, ensuring secure data transmission and balancing privacy concerns with retrieval effectiveness."
96,What is the impact of result diversity on user engagement in information retrieval?,"Diverse search results provide users with a broader range of information, increasing engagement and satisfaction with retrieval systems."
97,How does information retrieval support federated learning over streaming data?,"Federated learning techniques such as online learning and adaptive models enable model training over streaming data sources, ensuring up-to-date and relevant models."
98,What are some techniques used for query expansion in federated search?,"Techniques include federated query expansion, local expansion with global feedback and distributed relevance modeling."
99,What is the role of diversity-aware ranking in information retrieval?,"Diversity-aware ranking techniques prioritize diverse and representative search results, enhancing user satisfaction and coverage of retrieval."
100,How does information retrieval support federated learning over decentralized networks with communication constraints?,"Federated learning techniques such as model sparsification and quantization reduce communication overhead and bandwidth requirements, enabling efficient model training over decentralized networks."
