material_id,title,description,link
1,Introduction to Information Retrieval,"Overview of the principles, techniques, and applications of information retrieval.",https://example.com/introduction-to-information-retrieval
2,Boolean Retrieval,Explanation of Boolean retrieval models and their implementation in IR systems.,https://example.com/boolean-retrieval
3,Vector Space Model,Introduction to vector space model for representing documents and queries.,https://example.com/vector-space-model
4,Term Weighting and Scoring,Detailed discussion on term weighting schemes and scoring functions in IR.,https://example.com/term-weighting-and-scoring
5,Evaluation in Information Retrieval,Methods and metrics for evaluating the performance of IR systems.,https://example.com/evaluation-in-information-retrieval
6,Indexing and Searching Techniques,Techniques for efficient indexing and searching of large document collections.,https://example.com/indexing-and-searching-techniques
7,Web Search and Crawling,Exploration of web search algorithms and web crawling strategies.,https://example.com/web-search-and-crawling
8,Information Retrieval Models,Comparison of different IR models including probabilistic and language models.,https://example.com/information-retrieval-models
9,Query Processing and Optimization,Processing and optimization techniques for efficient query execution in IR.,https://example.com/query-processing-and-optimization
10,Text Mining and Information Extraction,Methods for mining and extracting useful information from text data.,https://example.com/text-mining-and-information-extraction
11,Machine Learning for IR,Application of machine learning techniques in information retrieval.,https://example.com/machine-learning-for-ir
12,Relevance Feedback and Query Expansion,Relevance feedback mechanisms and techniques for query expansion in IR.,https://example.com/relevance-feedback-and-query-expansion
13,Multimedia Retrieval,"Retrieval of multimedia content including images, audio, and video.",https://example.com/multimedia-retrieval
14,Semantic Search,Exploration of semantic search techniques for more accurate and context-aware retrieval.,https://example.com/semantic-search
15,Distributed Information Retrieval,Overview of distributed IR systems and algorithms for efficient retrieval.,https://example.com/distributed-information-retrieval
16,User Modeling and Personalization,Methods for user modeling and personalized search in IR systems.,https://example.com/user-modeling-and-personalization
17,Web Analytics and Clickstream Analysis,Analysis of user behavior and interaction with web search engines.,https://example.com/web-analytics-and-clickstream-analysis
18,Information Retrieval Applications,"Real-world applications of information retrieval including enterprise search, digital libraries, and recommendation systems.",https://example.com/information-retrieval-applications
19,Social Media Mining,Mining and analysis of data from social media platforms for information retrieval purposes.,https://example.com/social-media-mining
20,Ethical and Legal Issues in IR,Discussion on ethical and legal considerations in information retrieval and data usage.,https://example.com/ethical-and-legal-issues-in-ir
21,Deep Learning for IR,Exploration of deep learning techniques and neural networks for information retrieval tasks.,https://example.com/deep-learning-for-ir
22,Information Visualization,Visualization techniques for presenting and exploring information retrieval results.,https://example.com/information-visualization
23,Natural Language Processing for IR,Application of NLP techniques for processing and understanding natural language queries in IR.,https://example.com/natural-language-processing-for-ir
24,Temporal Information Retrieval,Retrieval of temporal information and analysis of time-sensitive data in IR systems.,https://example.com/temporal-information-retrieval
25,Cross-lingual Information Retrieval,Techniques for retrieving information across multiple languages and language translation in IR.,https://example.com/cross-lingual-information-retrieval
26,Knowledge Graphs in IR,Role of knowledge graphs in organizing and enriching information retrieval results.,https://example.com/knowledge-graphs-in-ir
27,Big Data Analytics for IR,Analytics techniques for processing and analyzing large-scale data in information retrieval.,https://example.com/big-data-analytics-for-ir
28,Mobile Information Retrieval,Information retrieval techniques and applications for mobile devices and platforms.,https://example.com/mobile-information-retrieval
29,IR System Architecture,"Architecture and components of information retrieval systems including indexing, retrieval, and user interface.",https://example.com/ir-system-architecture
30,Semantic Web and Linked Data,Utilization of semantic web technologies and linked data principles for information retrieval.,https://example.com/semantic-web-and-linked-data
31,Privacy-preserving IR Techniques,Techniques for preserving user privacy and data confidentiality in information retrieval systems.,https://example.com/privacy-preserving-ir-techniques
32,Visual Search and Image Retrieval,Techniques for visual search and retrieval of images and multimedia content.,https://example.com/visual-search-and-image-retrieval
33,Text Classification and Categorization,Methods for text classification and categorization for organizing and retrieving textual data.,https://example.com/text-classification-and-categorization
34,Spam Detection and Filtering,Techniques for detecting and filtering spam and irrelevant content in IR systems.,https://example.com/spam-detection-and-filtering
35,Knowledge Representation in IR,Representation techniques for organizing and structuring knowledge in information retrieval.,https://example.com/knowledge-representation-in-ir
36,IR Research and Innovation,Latest research trends and innovations in the field of information retrieval.,https://example.com/ir-research-and-innovation
37,Cross-domain Information Retrieval,Techniques for retrieving information across different domains and disciplines.,https://example.com/cross-domain-information-retrieval
38,E-commerce Search,Search techniques and strategies for e-commerce platforms and online shopping.,https://example.com/e-commerce-search
39,Health Information Retrieval,Information retrieval techniques and applications in healthcare and medical domains.,https://example.com/health-information-retrieval
40,IR System Evaluation,Methods and metrics for evaluating the effectiveness and performance of information retrieval systems.,https://example.com/ir-system-evaluation
41,Query Reformulation Techniques,Techniques for reformulating user queries to improve retrieval effectiveness and relevance.,https://example.com/query-reformulation-techniques
42,Sentiment Analysis in IR,Analysis of sentiment and opinion in textual data for information retrieval applications.,https://example.com/sentiment-analysis-in-ir
43,Digital Preservation and Archives,Methods for preserving and archiving digital content for long-term retrieval and access.,https://example.com/digital-preservation-and-archives
44,IR in Social Networks,Analysis of information retrieval techniques in social networks and online communities.,https://example.com/ir-in-social-networks
45,IR in Legal and Patent Databases,Application of information retrieval techniques in legal and patent databases for searching and analyzing legal documents.,https://example.com/ir-in-legal-and-patent-databases
46,Text Summarization,Techniques for automatic summarization of textual documents for information retrieval purposes.,https://example.com/text-summarization
47,Web Scraping and Data Extraction,Techniques for scraping and extracting data from web sources for information retrieval tasks.,https://example.com/web-scraping-and-data-extraction
48,IR in Enterprise Search,Application of information retrieval techniques in enterprise search solutions for organizational data.,https://example.com/ir-in-enterprise-search
49,IR in Digital Libraries,Role of information retrieval techniques in digital libraries for organizing and accessing digital content.,https://example.com/ir-in-digital-libraries
50,Geographic Information Retrieval,Retrieval and analysis of spatial and geographic data in information retrieval systems.,https://example.com/geographic-information-retrieval
51,IR in Recommender Systems,Integration of information retrieval techniques in recommender systems for personalized recommendations.,https://example.com/ir-in-recommender-systems
52,Multilingual Information Retrieval,Techniques for retrieving information across multiple languages and language translation in IR.,https://example.com/multilingual-information-retrieval
53,IR in E-learning Systems,Application of information retrieval techniques in e-learning platforms and educational systems.,https://example.com/ir-in-e-learning-systems
54,Topic Modeling,Techniques for identifying and extracting topics from textual data for information retrieval purposes.,https://example.com/topic-modeling
55,IR in News and Media,Analysis of information retrieval techniques in news and media platforms for content recommendation and personalized news.,https://example.com/ir-in-news-and-media
56,Knowledge Discovery in Textual Data,Techniques for discovering hidden patterns and insights from textual data using information retrieval methods.,https://example.com/knowledge-discovery-in-textual-data
57,IR in Question Answering Systems,Integration of information retrieval techniques in question answering systems for finding relevant answers.,https://example.com/ir-in-question-answering-systems
58,IR in Semantic Search,Application of semantic search techniques for more accurate and context-aware retrieval in various domains.,https://example.com/ir-in-semantic-search
59,Cybersecurity Information Retrieval,Application of information retrieval techniques in cybersecurity for threat detection and analysis.,https://example.com/cybersecurity-information-retrieval
60,IR in Bioinformatics,Analysis of information retrieval techniques in bioinformatics for searching and analyzing biological data.,https://example.com/ir-in-bioinformatics
61,IR in Semantic Web,Integration of information retrieval techniques with semantic web technologies for enhanced retrieval and discovery.,https://example.com/ir-in-semantic-web
62,User Feedback and Interaction in IR,Analysis of user feedback and interaction data for improving retrieval effectiveness and user satisfaction.,https://example.com/user-feedback-and-interaction-in-ir
63,IR in Healthcare Informatics,Application of information retrieval techniques in healthcare informatics for accessing and analyzing medical data.,https://example.com/ir-in-healthcare-informatics
64,IR in Business Intelligence,Utilization of information retrieval techniques in business intelligence systems for data analysis and decision-making.,https://example.com/ir-in-business-intelligence
65,Augmented Reality Information Retrieval,Integration of information retrieval techniques with augmented reality technology for real-time information access.,https://example.com/augmented-reality-information-retrieval
66,IR in Financial Analytics,Analysis of information retrieval techniques in financial analytics for market research and data analysis.,https://example.com/ir-in-financial-analytics
67,Text-to-Speech and Speech Recognition,Integration of text-to-speech and speech recognition technologies for accessing and retrieving information through voice commands.,https://example.com/text-to-speech-and-speech-recognition
68,IR in Digital Marketing,Application of information retrieval techniques in digital marketing strategies for content optimization and customer engagement.,https://example.com/ir-in-digital-marketing
69,Interactive Information Retrieval,Techniques for interactive information retrieval systems that involve user collaboration and feedback.,https://example.com/interactive-information-retrieval
70,IR in Smart Cities,Utilization of information retrieval techniques in smart city initiatives for urban planning and management.,https://example.com/ir-in-smart-cities
71,Blockchain-based Information Retrieval,Integration of blockchain technology with information retrieval systems for secure and decentralized data access.,https://example.com/blockchain-based-information-retrieval
72,IR in Environmental Sciences,Application of information retrieval techniques in environmental science research for analyzing environmental data.,https://example.com/ir-in-environmental-sciences
73,Information Extraction and Integration,Techniques for extracting and integrating information from heterogeneous sources for retrieval and analysis.,https://example.com/information-extraction-and-integration
74,IR in Agriculture,Analysis of information retrieval techniques in agriculture for crop monitoring and management.,https://example.com/ir-in-agriculture
75,Privacy-enhancing Technologies in IR,Techniques for enhancing user privacy and data protection in information retrieval systems.,https://example.com/privacy-enhancing-technologies-in-ir
76,IR in Crisis Management,Application of information retrieval techniques in crisis management and emergency response for accessing relevant information.,https://example.com/ir-in-crisis-management
77,Content-based Filtering,Techniques for filtering and recommending content based on its characteristics and features.,https://example.com/content-based-filtering
78,IR in Cultural Heritage Preservation,Application of information retrieval techniques in preserving and accessing cultural heritage artifacts and documents.,https://example.com/ir-in-cultural-heritage-preservation
79,IR in Tourism,Analysis of information retrieval techniques in tourism for providing personalized travel recommendations and information.,https://example.com/ir-in-tourism
80,Federated Information Retrieval,Techniques for federated search and retrieval across multiple distributed data sources.,https://example.com/federated-information-retrieval
81,IR in Music Information Retrieval,Analysis of information retrieval techniques in music recommendation systems and audio retrieval.,https://example.com/ir-in-music-information-retrieval
82,Text Mining in Social Media,Techniques for mining textual data from social media platforms for information retrieval and analysis.,https://example.com/text-mining-in-social-media
83,IR in Open Educational Resources,Application of information retrieval techniques in accessing and sharing open educational resources.,https://example.com/ir-in-open-educational-resources
84,Deep Web Search,Techniques for searching and accessing content from the deep web and hidden internet sources.,https://example.com/deep-web-search
85,Legal Information Retrieval,Analysis of information retrieval techniques in legal research and accessing legal documents.,https://example.com/legal-information-retrieval
86,IR in Sports Analytics,Application of information retrieval techniques in analyzing sports data for performance evaluation and prediction.,https://example.com/ir-in-sports-analytics
87,Information Retrieval Standards,Overview of standards and protocols for information retrieval systems and interoperability.,https://example.com/information-retrieval-standards
88,IR in Energy Systems,Analysis of information retrieval techniques in energy systems for optimizing energy production and consumption.,https://example.com/ir-in-energy-systems
89,IR in Humanitarian Assistance,Application of information retrieval techniques in humanitarian assistance and disaster response for accessing critical information.,https://example.com/ir-in-humanitarian-assistance
90,Content Recommendation Systems,Techniques for recommending relevant content to users based on their preferences and browsing history.,https://example.com/content-recommendation-systems
91,IR in Social Sciences,Analysis of information retrieval techniques in social science research for accessing and analyzing social data.,https://example.com/ir-in-social-sciences
92,IR in Supply Chain Management,Application of information retrieval techniques in supply chain management for optimizing inventory and logistics.,https://example.com/ir-in-supply-chain-management
93,Microblog Information Retrieval,Analysis of information retrieval techniques in microblogging platforms for real-time search and analysis.,https://example.com/microblog-information-retrieval
94,IR in Disaster Management,Application of information retrieval techniques in disaster management and emergency response for accessing critical information.,https://example.com/ir-in-disaster-management
95,Context-aware Information Retrieval,"Techniques for context-aware retrieval of information based on user location, preferences, and situational context.",https://example.com/context-aware-information-retrieval
96,IR in Transportation Systems,Analysis of information retrieval techniques in transportation systems for optimizing traffic flow and route planning.,https://example.com/ir-in-transportation-systems
97,Sentiment Analysis in Customer Reviews,Analysis of sentiment in customer reviews and feedback for product recommendation and improvement.,https://example.com/sentiment-analysis-in-customer-reviews
98,IR in Financial Information Services,Application of information retrieval techniques in financial information services for accessing market data and analysis.,https://example.com/ir-in-financial-information-services
99,Music Recommendation Systems,Techniques for recommending music tracks and playlists to users based on their preferences and listening history.,https://example.com/music-recommendation-systems
100,IR in Smart Agriculture,Application of information retrieval techniques in precision agriculture for optimizing crop yield and resource utilization.,https://example.com/ir-in-smart-agriculture
